,Dummy,EST_CV,EST_NCV,SARIMA_CV
astro-ph.CO,0.5105928079318233,0.5702426148358581,0.5619562738434792,0.4663195305943022
astro-ph.EP,0.8570713095327017,0.8491975409654228,0.839465003570476,0.845528540957538
astro-ph.GA,0.7797325393510701,0.8161176162957644,0.8159654708035106,0.7933294241001411
astro-ph.HE,0.7306745917849526,0.7601952847240786,0.7246215620834944,0.7070971827297143
astro-ph.IM,0.9788906443741323,0.9311796624544977,0.959255087820901,0.9289678320315369
astro-ph.SR,0.614869550734417,0.6389118003820745,0.6316324937072288,0.6039583455674565
cond-mat.dis-nn,0.7282444398361065,0.6997104248586529,0.7238035756013751,0.7112376585493113
cond-mat.mes-hall,0.4529251080694048,0.355890316865626,0.3952267167410724,0.3593706716031482
cond-mat.mtrl-sci,0.662575414191671,0.48424371478174943,0.5158226032373678,0.5260186511583138
cond-mat.other,0.5698342263267943,0.5659248199026902,0.6099733228980235,0.5704617780729937
cond-mat.quant-gas,0.7283600370478038,0.7351038214403566,0.7516950807937408,0.7294548416314003
cond-mat.soft,0.525651517774022,0.5013838173009756,0.5187838498973304,0.51565815503479
cond-mat.stat-mech,0.4318318385296616,0.43131639583073084,0.4330385185816318,0.4318887867285683
cond-mat.str-el,0.4475102464924599,0.4189905528425471,0.43266543259292123,0.42502659747098037
cond-mat.supr-con,0.525040877906985,0.5174620471003607,0.567954235742982,0.5184388338584259
cs.AI,2.805882074998972,2.340587913332858,2.0659557723244735,2.0805410199272742
cs.AR,2.9726747863481413,2.488252654706543,2.796578299262716,2.478478801888196
cs.CC,1.2270244938686525,1.3569225819125514,1.3504681713290876,1.3022099674740013
cs.CE,2.368760475529203,2.031630970703663,2.049772097724253,2.032039047548991
cs.CG,1.6319006126235869,1.5889897345575215,1.6073487218048341,1.5520390119767293
cs.CL,3.1301742129181607,3.604761167531614,2.7092937574230658,3.3048289827323254
cs.CR,1.6448189211700537,1.2861726033640084,1.3053561577807102,1.2586479126975667
cs.CV,2.1755669195699365,1.8636326758264081,1.7659805163261744,1.7781484666943508
cs.CY,2.07935304801585,1.6032567713680135,1.573944660788084,1.5677714952970414
cs.DB,1.6753982086474581,1.6289813762658658,1.57371745005583,1.5340236717733358
cs.DC,1.371062077190535,1.048574499877119,1.0542228966767755,1.0825658586614837
cs.DL,2.107882659569635,2.1565803170232667,2.198597724614408,2.1629924607283484
cs.DM,1.031902520052414,0.9874611413573557,1.0122204895968128,0.9995257214008157
cs.DS,1.1088537913014878,1.0564018440568792,0.9790748051827717,1.1724535820135509
cs.ET,2.657388572622828,2.5234256454376354,2.6607667093744136,2.5250870028432915
cs.FL,1.5451125057114696,1.6232370323005225,1.5555434174390639,1.5170423340987649
cs.GL,3.2371469505616584,3.359259021403656,3.731039206770586,5.8511594548927155
cs.GR,3.400922251417282,3.4161506357571634,3.390210179918478,3.37238564091378
cs.GT,1.9104331864088149,1.9094540652275749,1.8904327490472126,1.6703202128006174
cs.HC,2.660106258864718,2.056267177132171,2.0971734407352205,2.3118637197054883
cs.IR,1.9233240180999702,1.7252545389052505,1.7827460216893314,1.6411043353614923
cs.IT,0.8100398848831573,0.7082740091799321,0.8043296430747439,0.7414441211425854
cs.LG,1.6916501195810962,1.4053581014871626,1.2968517220703437,1.2631887347637174
cs.LO,1.5151762929780637,1.5027943428615078,1.5689826212769022,1.5049536784414486
cs.MA,2.7962193363094228,2.2722179985978426,2.2738541756416413,2.4331449070828315
cs.MM,2.751466848489566,2.3915665575418164,2.2932805373437146,2.597469976764704
cs.MS,2.103576339094812,2.1742474918391244,2.1775898084228538,2.166874637566346
cs.NA,1.5682803523992657,1.1532188992220707,1.2136496257412335,1.1597892879641032
cs.NE,1.2401036460709849,1.0446959921245755,1.068380021602505,1.033371704284275
cs.NI,1.138957797568763,0.8986989435661594,0.9074366192018856,0.8901609248969583
cs.OH,1.1403915688100146,1.1025386317006651,1.1382661551252085,1.1019839591500686
cs.OS,5.314920259875587,5.4332059604371565,5.624363381311632,5.517718178066517
cs.PF,2.0979018271873366,2.036707474157953,2.1061676480464024,2.0791905904111143
cs.PL,1.937896963643281,2.0965122292817955,2.15065915614877,1.9213719084962737
cs.RO,2.651978708635522,2.423562146900222,2.3337916432476593,2.460376900353261
cs.SC,2.677194866867722,2.6711171702427516,2.7414874075732807,2.692633391306724
cs.SD,1.7592332989243196,1.2794636482226212,1.14021617838713,1.3415579457103406
cs.SE,2.0629078602924866,1.8078045245123167,1.9998575206339075,1.9372308705004238
cs.SI,1.184609080699707,1.0581031607638478,1.076667536826786,1.0536985650991693
cs.SY,1.3616890223008387,1.1286741656169816,1.0765500133484878,1.1895723360651418
econ.EM,2.67038459221285,2.3494380103324772,2.358140360861525,2.331452075978892
econ.GN,2.793269511004923,2.6665769127432863,2.715851245845381,2.724002598665428
econ.TH,4.457933340395317,4.205944215422349,4.199586494725189,4.181961330585369
eess.AS,2.206029806067726,1.4467326288363322,1.315223936768237,1.446224313883365
eess.IV,1.7334995236676563,1.6187265443699383,1.6598818671456899,1.587238054336561
eess.SP,1.728101317203073,1.271246487729686,1.4268886066708912,1.3096408786765061
eess.SY,1.7470047478955562,1.4475912171737675,1.3811650103989093,1.5311747827879887
gr-qc,0.4714535191744174,0.43310701485543407,0.4434515291002856,0.45443889399521464
hep-ex,0.6195254253494694,0.7670575967160973,0.6511980564502937,0.6191435974370401
hep-lat,1.2275162192094171,1.1582844419043048,1.1769363892615627,1.1281322309905875
hep-ph,0.41236559311022025,0.4298722405806474,0.3993003843832736,0.386808775994452
hep-th,0.4302716736575987,0.38901155304932084,0.39225585712690336,0.41237977962963657
math-ph,0.48785965556423744,0.43482816244865735,0.4490353380709197,0.4535672448829674
math.AC,0.8026721486739699,0.7637238048697855,0.7853514491508299,0.766508347921009
math.AG,0.5845548813030496,0.4845417226856879,0.4738656331243893,0.4808187723723786
math.AP,0.6829343176266665,0.5880657494533413,0.5646803454713952,0.5269946157382308
math.AT,0.7803559775676489,0.7241337432140464,0.731092969340218,0.7506860222740493
math.CA,0.9190704026308082,0.8494022049211651,0.9487165261693621,0.8616920310103464
math.CO,0.62968068860381,0.46628611413199267,0.4886785746770619,0.4700533710315612
math.CT,1.4974675876221757,1.3881761231260454,1.4125042883756491,1.3718939931485399
math.CV,0.8565550030173377,0.830597762300685,0.8527595992879327,0.825772367589229
math.DG,0.6219149576875767,0.5329493091599,0.5438163622562101,0.5359165375448117
math.DS,0.6211350476018385,0.5440960808308265,0.5550537764918652,0.5745009197910942
math.FA,0.7795152139070499,0.6912814863193499,0.716887277983321,0.6912817043422146
math.GM,1.6310130450112896,1.6250495774168807,1.702078987791666,1.6997469451158724
math.GN,1.7749808699783114,1.8519020878472288,1.8577233672429805,1.831272001364541
math.GR,0.894180614291038,0.8738784018977673,0.7680051842787672,0.8393534650676409
math.GT,0.629749528474824,0.6087588617770204,0.6289624544173281,0.634046080046145
math.HO,2.282625377969953,2.218399328290167,2.198918710522771,2.2784655779152745
math.IT,0.8100398848831573,0.7082740091799321,0.8043296430747439,0.7414441211425854
math.KT,1.3972474990709847,1.3453427136956457,1.3756750569746066,1.3726223519159044
math.LO,1.1837830860999061,0.9914393016091606,1.071138687571784,0.9745035065438588
math.MG,1.1976524188348878,1.0993480713898776,1.1325389268758732,1.0991109855370969
math.MP,0.48785965556423744,0.43482816244865735,0.4490353380709197,0.4535672448829674
math.NA,1.050969877352126,0.7728199382344956,0.813317080943056,0.7772230289445243
math.NT,0.689001599994499,0.6104087773700116,0.6224132727250739,0.6035140328709877
math.OA,0.7947184895787148,0.7672594074002294,0.8206365057509479,0.7746438079639243
math.OC,0.9760215624894069,0.717489810712873,0.7175063638922959,0.7224079047609999
math.PR,0.653938241944008,0.5293489972869366,0.5406125098579043,0.5469241765951551
math.QA,0.8467575249441762,0.8157558865379788,0.8546478430679516,0.8254862533727302
math.RA,0.9809262990708061,0.8434825469045043,0.8764145842774318,0.8471037237709795
math.RT,0.7277777303748003,0.6324204992874058,0.63434415867075,0.6585578049371941
math.SG,1.1514237366468205,1.1053900058842392,1.0997486804957894,1.0973051265634515
math.SP,1.3106065569809522,1.2196472609902131,1.2527682997724507,1.2182071936940893
math.ST,0.9091672286276122,0.9009514012230375,0.9199344236219706,0.8702682756939439
nlin.AO,1.1388248745642853,1.1484911020351185,1.2060283808489767,1.1532711079679312
nlin.CD,0.7506619605916846,0.7554029047402985,0.7865085256038209,0.770739780469919
nlin.CG,2.133588814193609,2.091846682049636,2.1414969812268656,2.0923252816420566
nlin.PS,0.9535755393963906,0.9702149918404109,0.9714507417837595,0.958287841551331
nlin.SI,1.0795416847010448,1.1085659753546133,1.117053312184816,1.0987629862152752
nucl-ex,0.6173567228350254,0.5950916739369624,0.5915956850346469,0.593452443805401
nucl-th,0.5262672662648147,0.46582583913114356,0.4766580660980184,0.46115037829215844
physics.acc-ph,1.2526509355533444,1.1758631878052412,1.207525577396633,1.174511482850145
physics.ao-ph,1.8892312735858,1.7445019893645135,1.7595572712731617,1.7898479854600453
physics.app-ph,1.3135735038344998,1.2171545080250255,1.3622986207582564,1.2529817345040646
physics.atm-clus,1.4529350425348564,1.5001122653931103,1.5324413095328684,1.5223004846918964
physics.atom-ph,0.8835003954855914,0.8346636885691682,0.9046559651867784,0.8240271888457728
physics.bio-ph,0.9523652394599333,0.9099900419583964,0.9295564610731033,0.9226834137949387
physics.chem-ph,1.1058156012855418,0.8867433748691024,0.8920439780009359,0.9111286487420659
physics.class-ph,0.9230927860113479,0.9353852494817997,0.9741894313802923,0.9454166942036465
physics.comp-ph,1.2255868765118314,1.286874386738742,1.2593284236625073,1.1593346845895518
physics.data-an,0.9271702281355237,0.9279644909563366,0.998536001748137,0.927962876220978
physics.ed-ph,2.043955259566073,2.052562294785675,2.0485601807024256,2.0525585410326035
physics.flu-dyn,0.9060860570042978,0.8667947042230907,0.9661725963773545,0.8255010113622809
physics.gen-ph,0.74005771967676,0.7279003232310393,0.7536119663153487,0.7337598226853819
physics.geo-ph,1.5672005483020623,1.4789894952499094,1.521963316175959,1.4786498357772142
physics.hist-ph,1.5319611868984437,1.5202575088420787,1.5409066874264585,1.5110849398244675
physics.ins-det,0.9411716353214155,0.8835002184745028,0.8785683914450366,0.9154583108911695
physics.med-ph,1.6726030978108108,1.5973840830820683,1.6759810971120113,1.5435535410323253
physics.optics,0.7810247933255541,0.7626034820926615,0.7491349406787667,0.706504607629172
physics.plasm-ph,1.0354167514667347,1.0043414148932976,1.0703272957358083,1.031232673435333
physics.pop-ph,2.2723624467570254,2.3124279061968775,2.4103025670806693,2.3307000199409513
physics.soc-ph,0.7358638927280967,0.6904919312008523,0.7311201021399749,0.7015078986038378
physics.space-ph,1.5887438554922864,1.5408540890654616,1.6066388114960168,1.5387749471344687
q-bio.BM,1.650316933278764,1.4954945945526366,1.5225662727840437,1.4346702174524846
q-bio.CB,2.2043390448893176,2.273028023521883,2.316865018128633,2.278473690730908
q-bio.GN,2.0031455761768573,2.019750315632956,2.074308170332337,2.120253929060997
q-bio.MN,1.4251167461959575,1.4138522006531609,1.413489698651234,1.4138505998319457
q-bio.NC,1.5746215196398858,1.4157037949306486,1.455028063765137,1.4484000786828584
q-bio.OT,3.137431006343162,3.177477841271562,3.192580408806138,3.1748656687196655
q-bio.PE,0.9509713996409981,1.0032572601709664,0.9924141320162672,1.0065478584618703
q-bio.QM,1.5356524515129841,1.4843291659031,1.4704619158882857,1.407527601112728
q-bio.SC,1.538508255011127,1.5449283295315843,1.5803974749399166,1.553958956565206
q-bio.TO,2.8909227172678227,2.8919253581573248,2.942647239207949,2.8919265707529203
q-fin.CP,2.994533260567736,2.9518268001395414,2.9721164630154204,2.9763570368166112
q-fin.EC,2.504997964032045,2.3913803201015273,2.4355694338313287,2.442879549141676
q-fin.GN,1.7354422452957723,1.780759051320171,1.7806559937765556,1.7760396756944732
q-fin.MF,2.5460586233794213,2.5622614493764964,2.5305684111082805,2.553439332959969
q-fin.PM,2.571458148238325,2.550395771109356,2.628563503267077,2.600367376237006
q-fin.PR,1.8882296001415895,1.8684777142092022,1.9568760281038138,1.8726922672122737
q-fin.RM,2.3352590058338456,2.2327906609640813,2.2791022602793922,2.248780453678089
q-fin.ST,1.7779228450393079,1.8504203810044515,1.910542127396886,1.8619769834416489
q-fin.TR,3.021215413592777,3.0292069043222987,3.131009827933611,3.1065539606433767
quant-ph,0.6209565054217646,0.5665593017720594,0.5679197420645733,0.5169575677104268
stat.AP,1.0032427479737034,0.983548010534156,0.9671151299628531,0.9571248567043188
stat.CO,1.3501806612737228,1.3512819533976361,1.3990408783851642,1.3314495733885743
stat.ME,1.2669535935455487,1.0747615750520045,1.0702064075157114,1.0017759587983497
stat.ML,1.0410474016042568,0.8164157186435462,0.8563530761039535,0.7250217798963596
stat.OT,3.075093350363515,3.084466504368605,3.3640109028491394,3.097375259619588
stat.TH,0.9144571119781035,0.9069903329114128,0.9258826012202362,0.8722941482195034
